pig_id,wear_start_1,wear_end_1,wear_start_2,wear_end_2,wear_start_3,wear_end_3,wear_start_4,wear_end_4,wear_start_5,wear_end_5,wear_start_6,wear_end_6,wear_start_7,wear_end_7,wear_start_8,wear_end_8,wear_start_9,wear_end_9,wear_start_10,wear_end_10,wear_start_11,wear_end_11,wear_start_12,wear_end_12,wear_start_13,wear_end_13,wear_start_14,wear_end_14,wear_start_15,wear_end_15,wear_start_16,wear_end_16,wear_start_17,wear_end_17,wear_start_18,wear_end_18,wear_start_19,wear_end_19,wear_start_20,wear_end_20,wear_start_21,wear_end_21,wear_start_22,wear_end_22,wear_start_23,wear_end_23,wear_start_24,wear_end_24,wear_start_25,wear_end_25,wear_start_26,wear_end_26
CO-001,2012-05-22 12:42:00,2012-05-22 17:27:00,2012-05-22 17:29:00,2012-05-23 12:03:00,2012-05-23 12:08:00,2012-05-24 02:43:00,2012-05-24 02:45:00,2012-05-24 04:14:00,2012-05-24 04:19:00,2012-05-24 12:17:00,,,,,,,,,,,,,,,,,,,,,,,,,,,,,,,,,,,,,,,,,,
CO-002,2012-05-22 13:31:00,2012-05-23 00:18:00,2012-05-23 00:22:00,2012-05-23 00:49:00,2012-05-23 00:51:00,2012-05-23 01:39:00,2012-05-23 01:42:00,2012-05-23 07:35:00,2012-05-23 07:37:00,2012-05-24 02:50:00,2012-05-24 03:20:00,2012-05-24 13:12:00,2012-05-24 13:23:00,2012-05-24 21:04:00,2012-05-24 21:06:00,2012-05-25 01:38:00,2012-05-25 01:42:00,2012-05-25 09:01:00,2012-05-25 09:03:00,2012-05-25 13:47:00,2012-05-25 13:50:00,2012-05-25 14:10:00,,,,,,,,,,,,,,,,,,,,,,,,,,,,,,
CO-003,2010-03-14 14:00:00,2010-03-14 20:27:00,2010-03-14 20:30:00,2010-03-14 20:56:00,2010-03-14 20:58:00,2010-03-15 01:19:00,2010-03-15 01:59:00,2010-03-15 02:37:00,2010-03-15 02:40:00,2010-03-15 04:28:00,2010-03-15 04:31:00,2010-03-15 06:25:00,2010-03-15 06:28:00,2010-03-15 11:14:00,2010-03-15 11:16:00,2010-03-15 17:38:00,2010-03-15 18:50:00,2010-03-16 01:34:00,2010-03-16 01:52:00,2010-03-16 06:53:00,2010-03-16 06:56:00,2010-03-16 11:17:00,2010-03-16 11:19:00,2010-03-16 11:40:00,2010-03-16 15:25:00,2010-03-16 15:45:00,2010-03-16 15:49:00,2010-03-16 18:22:00,2010-03-16 18:49:00,2010-03-17 03:16:00,2010-03-17 03:18:00,2010-03-17 03:39:00,2010-03-17 03:42:00,2010-03-17 11:50:00,2010-03-17 13:55:00,2010-03-17 14:40:00,2010-03-17 14:44:00,2010-03-17 16:16:00,2010-03-17 16:18:00,2010-03-17 16:59:00,,,,,,,,,,,,
CO-004,2010-08-16 13:58:00,2010-08-16 16:42:00,2010-08-16 16:44:00,2010-08-17 00:00:00,2010-08-17 00:02:00,2010-08-17 00:24:00,2010-08-17 07:54:00,2010-08-17 19:47:00,2010-08-17 19:50:00,2010-08-17 21:26:00,2010-08-17 21:28:00,2010-08-17 21:50:00,2010-08-18 08:02:00,2010-08-18 08:23:00,2010-08-18 08:26:00,2010-08-18 23:48:00,2010-08-18 23:51:00,2010-08-19 00:13:00,2010-08-19 07:49:00,2010-08-19 08:11:00,2010-08-19 08:13:00,2010-08-19 16:55:00,,,,,,,,,,,,,,,,,,,,,,,,,,,,,,
CO-005,2010-10-20 11:10:00,2010-10-22 07:08:00,2010-10-22 07:11:00,2010-10-22 07:36:00,2010-10-22 07:38:00,2010-10-22 19:48:00,2010-10-22 19:50:00,2010-10-23 11:32:00,,,,,,,,,,,,,,,,,,,,,,,,,,,,,,,,,,,,,,,,,,,,
CO-006,2010-11-01 12:45:00,2010-11-02 00:18:00,2010-11-02 00:20:00,2010-11-02 00:42:00,2010-11-02 06:31:00,2010-11-02 20:25:00,2010-11-02 20:28:00,2010-11-02 21:53:00,2010-11-02 21:57:00,2010-11-02 22:29:00,2010-11-02 22:31:00,2010-11-03 01:54:00,2010-11-03 05:12:00,2010-11-03 20:01:00,2010-11-03 20:03:00,2010-11-03 23:04:00,2010-11-03 23:06:00,2010-11-03 23:29:00,2010-11-03 23:33:00,2010-11-03 23:53:00,2010-11-04 05:58:00,2010-11-04 06:19:00,2010-11-04 06:22:00,2010-11-04 10:08:00,2010-11-04 10:11:00,2010-11-04 11:08:00,2010-11-04 11:13:00,2010-11-04 15:05:00,,,,,,,,,,,,,,,,,,,,,,,,
CO-007,2010-11-15 11:32:00,2010-11-16 08:57:00,2010-11-16 09:00:00,2010-11-16 11:00:00,2010-11-16 11:03:00,2010-11-17 02:46:00,2010-11-17 03:21:00,2010-11-17 10:22:00,2010-11-17 10:29:00,2010-11-18 01:32:00,2010-11-18 01:35:00,2010-11-18 08:02:00,2010-11-18 08:05:00,2010-11-18 12:49:00,2010-11-18 13:22:00,2010-11-18 14:31:00,,,,,,,,,,,,,,,,,,,,,,,,,,,,,,,,,,,,
CO-008,2010-12-12 11:20:00,2010-12-12 16:12:00,2010-12-12 16:14:00,2010-12-12 20:38:00,2010-12-12 20:40:00,2010-12-13 10:00:00,2010-12-13 10:04:00,2010-12-13 13:58:00,2010-12-13 14:00:00,2010-12-13 14:21:00,2010-12-13 14:24:00,2010-12-13 16:25:00,2010-12-13 16:27:00,2010-12-14 07:47:00,2010-12-14 11:11:00,2010-12-14 11:31:00,2010-12-14 11:35:00,2010-12-14 20:26:00,2010-12-14 20:28:00,2010-12-15 04:32:00,2010-12-15 04:34:00,2010-12-15 14:19:00,,,,,,,,,,,,,,,,,,,,,,,,,,,,,,
CO-009,2010-12-27 11:34:00,2010-12-27 13:13:00,2010-12-27 13:18:00,2010-12-27 20:39:00,2010-12-27 20:41:00,2010-12-28 21:37:00,2010-12-28 21:39:00,2010-12-28 22:32:00,2010-12-28 22:34:00,2010-12-29 11:44:00,2010-12-29 11:48:00,2010-12-29 19:21:00,2010-12-29 19:24:00,2010-12-29 19:44:00,2010-12-29 22:58:00,2010-12-29 23:19:00,2010-12-29 23:21:00,2010-12-30 07:08:00,2010-12-30 07:10:00,2010-12-30 11:34:00,2010-12-30 11:41:00,2010-12-30 13:48:00,2010-12-30 13:51:00,2010-12-30 14:13:00,,,,,,,,,,,,,,,,,,,,,,,,,,,,
CO-010,2011-01-05 12:59:00,2011-01-06 12:04:00,2011-01-06 12:12:00,2011-01-07 05:30:00,2011-01-07 05:33:00,2011-01-07 08:21:00,2011-01-07 08:53:00,2011-01-07 11:20:00,2011-01-07 11:23:00,2011-01-07 20:26:00,2011-01-07 20:28:00,2011-01-08 00:41:00,2011-01-08 05:05:00,2011-01-08 09:17:00,2011-01-08 09:21:00,2011-01-08 13:55:00,2011-01-08 13:58:00,2011-01-08 14:20:00,,,,,,,,,,,,,,,,,,,,,,,,,,,,,,,,,,
CO-011,2011-01-09 12:00:00,2011-01-09 17:20:00,2011-01-09 17:22:00,2011-01-09 17:45:00,2011-01-09 20:57:00,2011-01-10 09:41:00,2011-01-10 09:45:00,2011-01-10 10:05:00,2011-01-10 23:39:00,2011-01-10 23:59:00,2011-01-11 00:03:00,2011-01-11 14:57:00,2011-01-11 15:01:00,2011-01-11 15:21:00,2011-01-11 21:10:00,2011-01-11 21:31:00,2011-01-11 21:34:00,2011-01-12 01:10:00,2011-01-12 01:13:00,2011-01-12 01:45:00,2011-01-12 01:47:00,2011-01-12 02:10:00,2011-01-12 02:12:00,2011-01-12 03:40:00,2011-01-12 03:42:00,2011-01-12 05:50:00,,,,,,,,,,,,,,,,,,,,,,,,,,
CO-012,2011-01-25 11:34:00,2011-01-25 13:42:00,2011-01-25 13:46:00,2011-01-25 14:08:00,2011-01-25 14:12:00,2011-01-27 06:50:00,2011-01-27 06:52:00,2011-01-27 09:56:00,2011-01-27 10:01:00,2011-01-28 13:29:00,2011-01-28 13:31:00,2011-01-28 13:52:00,,,,,,,,,,,,,,,,,,,,,,,,,,,,,,,,,,,,,,,,
CO-013,2012-06-03 11:20:00,2012-06-03 22:49:00,2012-06-03 22:51:00,2012-06-03 23:13:00,2012-06-04 04:17:00,2012-06-04 04:38:00,2012-06-04 04:41:00,2012-06-04 10:28:00,2012-06-04 10:32:00,2012-06-04 12:05:00,2012-06-04 12:08:00,2012-06-04 12:48:00,2012-06-04 12:53:00,2012-06-04 23:46:00,2012-06-05 06:27:00,2012-06-06 00:08:00,2012-06-06 00:10:00,2012-06-06 00:33:00,2012-06-06 00:37:00,2012-06-06 00:57:00,2012-06-06 05:10:00,2012-06-06 10:24:00,2012-06-06 10:28:00,2012-06-06 13:29:00,2012-06-06 13:31:00,2012-06-06 14:19:00,,,,,,,,,,,,,,,,,,,,,,,,,,
CO-014,2011-02-15 13:13:00,2011-02-15 16:47:00,2011-02-15 16:50:00,2011-02-16 11:53:00,2011-02-16 11:56:00,2011-02-16 12:21:00,2011-02-16 12:26:00,2011-02-17 17:30:00,2011-02-17 17:50:00,2011-02-17 18:36:00,2011-02-17 18:39:00,2011-02-17 22:17:00,,,,,,,,,,,,,,,,,,,,,,,,,,,,,,,,,,,,,,,,
CO-015,2011-03-09 12:12:00,2011-03-10 11:49:00,2011-03-10 11:51:00,2011-03-11 13:53:00,2011-03-11 13:55:00,2011-03-11 23:12:00,2011-03-11 23:14:00,2011-03-12 14:00:00,2011-03-12 14:02:00,2011-03-12 15:11:00,,,,,,,,,,,,,,,,,,,,,,,,,,,,,,,,,,,,,,,,,,
CO-016,2011-03-22 15:40:00,2011-03-22 16:36:00,2011-03-22 16:38:00,2011-03-22 18:30:00,2011-03-22 18:32:00,2011-03-23 02:50:00,2011-03-23 09:33:00,2011-03-23 09:54:00,2011-03-23 09:57:00,2011-03-23 23:08:00,2011-03-23 23:10:00,2011-03-23 23:38:00,2011-03-23 23:43:00,2011-03-24 01:48:00,2011-03-24 01:51:00,2011-03-24 02:12:00,2011-03-24 09:04:00,2011-03-24 12:52:00,2011-03-24 12:59:00,2011-03-24 22:58:00,2011-03-24 23:01:00,2011-03-24 23:37:00,2011-03-24 23:39:00,2011-03-25 01:30:00,2011-03-25 01:33:00,2011-03-25 01:55:00,,,,,,,,,,,,,,,,,,,,,,,,,,
CO-017,2011-05-15 15:45:00,2011-05-17 00:49:00,2011-05-17 08:33:00,2011-05-17 08:55:00,2011-05-17 08:57:00,2011-05-17 23:26:00,2011-05-17 23:29:00,2011-05-17 23:49:00,2011-05-18 06:54:00,2011-05-18 07:22:00,2011-05-18 08:23:00,2011-05-18 08:46:00,2011-05-18 08:48:00,2011-05-18 16:54:00,2011-05-18 18:11:00,2011-05-18 18:44:00,,,,,,,,,,,,,,,,,,,,,,,,,,,,,,,,,,,,
CO-018,1970-01-01 00:00:00,1970-01-01 00:21:00,1970-01-01 00:23:00,1970-01-01 12:32:00,1970-01-01 18:14:00,1970-01-01 18:36:00,1970-01-01 18:39:00,1970-01-02 10:54:00,1970-01-02 10:56:00,1970-01-02 11:18:00,1970-01-02 19:16:00,1970-01-02 19:36:00,1970-01-02 19:39:00,1970-01-03 05:05:00,1970-01-03 05:07:00,1970-01-03 19:31:00,1970-01-03 19:33:00,1970-01-03 22:38:00,,,,,,,,,,,,,,,,,,,,,,,,,,,,,,,,,,
CO-019,2011-07-05 12:45:00,2011-07-06 12:15:00,2011-07-06 12:17:00,2011-07-06 12:49:00,2011-07-06 12:52:00,2011-07-06 13:54:00,2011-07-06 13:57:00,2011-07-06 17:38:00,2011-07-06 17:42:00,2011-07-07 08:07:00,2011-07-07 08:09:00,2011-07-07 13:07:00,2011-07-07 13:12:00,2011-07-07 13:53:00,2011-07-07 13:55:00,2011-07-07 15:45:00,2011-07-07 15:47:00,2011-07-07 16:11:00,2011-07-07 16:14:00,2011-07-07 16:59:00,2011-07-07 17:07:00,2011-07-07 21:18:00,2011-07-07 21:22:00,2011-07-08 03:44:00,,,,,,,,,,,,,,,,,,,,,,,,,,,,
CO-020,2011-07-05 12:50:00,2011-07-06 23:10:00,2011-07-07 05:51:00,2011-07-07 06:13:00,2011-07-07 06:15:00,2011-07-07 23:03:00,2011-07-07 23:05:00,2011-07-07 23:26:00,2011-07-08 05:07:00,2011-07-08 14:40:00,,,,,,,,,,,,,,,,,,,,,,,,,,,,,,,,,,,,,,,,,,
CO-021,2011-07-07 12:50:00,2011-07-07 22:45:00,2011-07-07 22:47:00,2011-07-07 23:10:00,2011-07-07 23:14:00,2011-07-07 23:35:00,2011-07-08 07:56:00,2011-07-08 16:27:00,2011-07-08 16:30:00,2011-07-08 16:51:00,2011-07-08 17:45:00,2011-07-08 21:02:00,2011-07-08 21:04:00,2011-07-08 21:27:00,2011-07-09 19:44:00,2011-07-10 00:39:00,2011-07-10 06:20:00,2011-07-10 06:40:00,2011-07-10 06:43:00,2011-07-10 09:25:00,2011-07-10 09:28:00,2011-07-10 09:48:00,2011-07-10 11:32:00,2011-07-10 13:55:00,2011-07-10 13:58:00,2011-07-10 15:22:00,2011-07-10 15:24:00,2011-07-10 15:48:00,,,,,,,,,,,,,,,,,,,,,,,,
CO-022,2011-08-10 11:10:00,2011-08-10 13:51:00,2011-08-10 13:53:00,2011-08-10 17:22:00,2011-08-10 18:17:00,2011-08-10 21:26:00,2011-08-10 21:28:00,2011-08-10 21:50:00,2011-08-10 21:52:00,2011-08-11 11:15:00,2011-08-11 11:17:00,2011-08-11 11:40:00,2011-08-11 18:53:00,2011-08-11 19:15:00,2011-08-11 19:18:00,2011-08-12 11:40:00,2011-08-12 18:33:00,2011-08-12 18:54:00,2011-08-12 18:57:00,2011-08-13 01:36:00,2011-08-13 04:47:00,2011-08-13 05:57:00,,,,,,,,,,,,,,,,,,,,,,,,,,,,,,
CO-023,2011-08-24 14:25:00,2011-08-24 20:42:00,2011-08-24 20:50:00,2011-08-25 00:37:00,2011-08-25 00:40:00,2011-08-25 01:01:00,2011-08-25 05:33:00,2011-08-25 11:00:00,2011-08-25 11:14:00,2011-08-25 11:58:00,2011-08-25 12:00:00,2011-08-26 01:11:00,2011-08-26 01:14:00,2011-08-26 01:38:00,2011-08-26 01:48:00,2011-08-26 02:32:00,2011-08-26 06:50:00,2011-08-26 07:10:00,2011-08-26 07:14:00,2011-08-26 10:36:00,2011-08-26 10:38:00,2011-08-27 02:12:00,2011-08-27 02:20:00,2011-08-27 02:57:00,2011-08-27 08:40:00,2011-08-27 16:25:00,,,,,,,,,,,,,,,,,,,,,,,,,,
CO-024,2012-01-18 13:40:00,2012-01-19 20:45:00,,,,,,,,,,,,,,,,,,,,,,,,,,,,,,,,,,,,,,,,,,,,,,,,,,
CO-025,1970-01-01 12:00:00,1970-01-01 23:38:00,1970-01-01 23:40:00,1970-01-02 00:00:00,1970-01-02 06:45:00,1970-01-02 23:17:00,1970-01-02 23:20:00,1970-01-02 23:41:00,,,,,,,,,,,,,,,,,,,,,,,,,,,,,,,,,,,,,,,,,,,,
CO-027,2012-04-22 11:05:00,2012-04-22 15:07:00,2012-04-22 15:10:00,2012-04-22 17:39:00,2012-04-22 17:42:00,2012-04-22 19:44:00,2012-04-22 19:47:00,2012-04-22 22:17:00,2012-04-23 05:03:00,2012-04-23 07:54:00,2012-04-23 07:59:00,2012-04-23 09:41:00,2012-04-23 09:43:00,2012-04-23 13:21:00,2012-04-23 13:23:00,2012-04-23 20:46:00,2012-04-23 20:51:00,2012-04-23 23:09:00,2012-04-23 23:11:00,2012-04-23 23:33:00,2012-04-24 05:41:00,2012-04-24 12:34:00,2012-04-24 12:38:00,2012-04-24 13:03:00,,,,,,,,,,,,,,,,,,,,,,,,,,,,
CO-028,2012-06-04 12:25:00,2012-06-04 23:42:00,2012-06-05 02:34:00,2012-06-05 02:54:00,2012-06-05 03:00:00,2012-06-05 04:31:00,2012-06-05 11:03:00,2012-06-05 13:58:00,2012-06-05 14:00:00,2012-06-05 23:21:00,2012-06-05 23:23:00,2012-06-05 23:45:00,2012-06-06 07:12:00,2012-06-06 13:26:00,2012-06-06 13:28:00,2012-06-06 21:49:00,2012-06-06 21:51:00,2012-06-06 23:39:00,2012-06-06 23:42:00,2012-06-07 00:03:00,2012-06-07 07:04:00,2012-06-07 07:27:00,2012-06-07 07:29:00,2012-06-07 09:56:00,2012-06-07 09:59:00,2012-06-07 10:23:00,2012-06-07 10:25:00,2012-06-07 12:08:00,2012-06-07 12:10:00,2012-06-07 13:28:00,2012-06-07 13:55:00,2012-06-07 14:25:00,2012-06-07 14:29:00,2012-06-07 15:06:00,,,,,,,,,,,,,,,,,,
CO-029,2011-08-14 13:00:00,2011-08-15 10:04:00,2011-08-15 10:08:00,2011-08-15 10:40:00,2011-08-15 11:13:00,2011-08-15 17:50:00,2011-08-15 17:53:00,2011-08-16 22:18:00,2011-08-17 11:16:00,2011-08-17 11:55:00,2011-08-17 11:57:00,2011-08-17 14:01:00,2011-08-17 14:04:00,2011-08-17 14:26:00,,,,,,,,,,,,,,,,,,,,,,,,,,,,,,,,,,,,,,
CO-030,2012-04-30 14:30:00,2012-05-01 03:09:00,2012-05-01 03:11:00,2012-05-01 04:07:00,2012-05-01 04:12:00,2012-05-01 04:37:00,2012-05-01 04:40:00,2012-05-01 22:23:00,2012-05-01 22:27:00,2012-05-02 00:56:00,2012-05-02 01:08:00,2012-05-02 05:06:00,2012-05-02 05:09:00,2012-05-02 06:07:00,2012-05-02 06:09:00,2012-05-02 08:55:00,2012-05-02 08:57:00,2012-05-02 09:33:00,,,,,,,,,,,,,,,,,,,,,,,,,,,,,,,,,,
CO-031,2012-03-15 15:33:00,2012-03-16 00:05:00,2012-03-16 00:09:00,2012-03-16 00:29:00,2012-03-16 07:55:00,2012-03-16 11:41:00,2012-03-16 11:44:00,2012-03-16 20:13:00,2012-03-16 20:15:00,2012-03-17 00:03:00,2012-03-17 09:07:00,2012-03-18 00:04:00,2012-03-18 00:06:00,2012-03-18 00:26:00,2012-03-18 08:07:00,2012-03-18 16:50:00,,,,,,,,,,,,,,,,,,,,,,,,,,,,,,,,,,,,
CO-032,2012-05-21 14:30:00,2012-05-21 21:55:00,2012-05-21 21:58:00,2012-05-21 22:18:00,2012-05-22 05:54:00,2012-05-22 06:16:00,2012-05-22 06:18:00,2012-05-22 09:47:00,2012-05-22 09:49:00,2012-05-22 14:09:00,2012-05-22 14:17:00,2012-05-22 14:49:00,2012-05-22 15:16:00,2012-05-22 15:37:00,2012-05-22 15:40:00,2012-05-22 22:56:00,2012-05-23 05:31:00,2012-05-23 13:50:00,2012-05-23 13:58:00,2012-05-23 21:59:00,2012-05-23 22:01:00,2012-05-23 22:24:00,2012-05-24 05:55:00,2012-05-24 06:15:00,2012-05-24 06:19:00,2012-05-24 08:47:00,2012-05-24 08:49:00,2012-05-24 09:57:00,2012-05-24 10:00:00,2012-05-24 10:49:00,,,,,,,,,,,,,,,,,,,,,,
CO-035,2012-06-07 10:50:00,2012-06-07 15:15:00,2012-06-07 15:54:00,2012-06-07 16:14:00,2012-06-07 16:17:00,2012-06-07 16:40:00,2012-06-07 16:42:00,2012-06-08 00:09:00,2012-06-08 07:03:00,2012-06-08 07:23:00,2012-06-08 07:27:00,2012-06-08 07:50:00,2012-06-08 07:52:00,2012-06-08 15:59:00,2012-06-08 16:01:00,2012-06-08 20:53:00,2012-06-08 20:57:00,2012-06-08 21:26:00,2012-06-08 21:29:00,2012-06-08 23:15:00,2012-06-08 23:20:00,2012-06-09 00:03:00,2012-06-09 00:06:00,2012-06-09 04:49:00,2012-06-09 09:15:00,2012-06-09 14:21:00,2012-06-09 14:23:00,2012-06-09 14:46:00,2012-06-09 14:49:00,2012-06-09 15:09:00,2012-06-09 15:57:00,2012-06-09 16:18:00,2012-06-09 16:21:00,2012-06-09 23:59:00,2012-06-10 07:10:00,2012-06-10 07:30:00,2012-06-10 07:33:00,2012-06-10 12:12:00,,,,,,,,,,,,,,
CO-036,1970-01-01 12:00:00,1970-01-01 15:26:00,1970-01-01 20:51:00,1970-01-01 22:54:00,1970-01-02 06:04:00,1970-01-02 06:50:00,1970-01-02 07:50:00,1970-01-02 12:09:00,1970-01-02 15:39:00,1970-01-02 15:59:00,1970-01-02 16:01:00,1970-01-02 18:05:00,1970-01-02 18:08:00,1970-01-02 18:36:00,1970-01-02 19:13:00,1970-01-03 00:24:00,1970-01-03 00:26:00,1970-01-03 00:49:00,1970-01-03 06:54:00,1970-01-03 07:14:00,1970-01-03 07:18:00,1970-01-03 07:41:00,1970-01-03 07:43:00,1970-01-03 12:41:00,1970-01-03 12:55:00,1970-01-03 15:07:00,1970-01-03 15:09:00,1970-01-03 15:30:00,1970-01-03 18:38:00,1970-01-04 00:35:00,1970-01-04 06:00:00,1970-01-04 12:53:00,,,,,,,,,,,,,,,,,,,,
CO-037,2012-06-11 12:10:00,2012-06-11 23:44:00,2012-06-12 00:00:00,2012-06-12 00:24:00,2012-06-12 00:27:00,2012-06-12 02:06:00,2012-06-12 02:09:00,2012-06-12 02:31:00,2012-06-12 05:34:00,2012-06-12 06:11:00,2012-06-12 13:56:00,2012-06-12 14:38:00,2012-06-12 16:04:00,2012-06-12 16:27:00,2012-06-12 16:29:00,2012-06-12 20:29:00,2012-06-12 20:33:00,2012-06-13 00:28:00,2012-06-13 00:31:00,2012-06-13 00:53:00,2012-06-13 06:55:00,2012-06-13 15:01:00,2012-06-13 15:04:00,2012-06-13 23:17:00,2012-06-13 23:19:00,2012-06-13 23:40:00,2012-06-14 08:38:00,2012-06-14 09:14:00,,,,,,,,,,,,,,,,,,,,,,,,
CO-038,1970-01-01 12:00:00,1970-01-01 14:50:00,1970-01-01 14:55:00,1970-01-01 23:29:00,1970-01-01 23:31:00,1970-01-01 23:53:00,1970-01-02 09:10:00,1970-01-02 09:30:00,1970-01-02 09:33:00,1970-01-02 17:06:00,1970-01-02 17:46:00,1970-01-03 01:00:00,1970-01-03 10:06:00,1970-01-03 16:58:00,1970-01-03 17:01:00,1970-01-03 17:22:00,,,,,,,,,,,,,,,,,,,,,,,,,,,,,,,,,,,,
CO-039,2012-06-17 13:29:00,2012-06-17 15:59:00,2012-06-17 16:02:00,2012-06-17 22:51:00,2012-06-17 22:53:00,2012-06-17 23:15:00,2012-06-18 07:39:00,2012-06-18 08:00:00,2012-06-18 08:03:00,2012-06-18 17:24:00,2012-06-18 17:27:00,2012-06-18 23:01:00,2012-06-18 23:03:00,2012-06-18 23:24:00,2012-06-19 05:45:00,2012-06-19 06:08:00,2012-06-19 06:10:00,2012-06-19 19:43:00,2012-06-19 19:46:00,2012-06-19 20:07:00,2012-06-19 20:22:00,2012-06-19 20:43:00,2012-06-19 20:48:00,2012-06-19 21:52:00,2012-06-20 06:02:00,2012-06-20 08:29:00,2012-06-20 08:31:00,2012-06-20 14:43:00,,,,,,,,,,,,,,,,,,,,,,,,
CO-040,2012-06-18 11:50:00,2012-06-19 23:41:00,2012-06-20 03:55:00,2012-06-20 05:33:00,2012-06-20 05:37:00,2012-06-20 05:58:00,2012-06-20 08:06:00,2012-06-20 08:27:00,2012-06-20 08:30:00,2012-06-20 15:03:00,2012-06-20 15:07:00,2012-06-20 15:28:00,2012-06-20 16:26:00,2012-06-20 16:47:00,2012-06-20 16:50:00,2012-06-20 22:31:00,2012-06-21 01:32:00,2012-06-21 02:15:00,2012-06-21 03:34:00,2012-06-21 03:57:00,2012-06-21 03:59:00,2012-06-21 04:46:00,2012-06-21 04:48:00,2012-06-21 05:11:00,2012-06-21 05:16:00,2012-06-21 05:38:00,2012-06-21 05:45:00,2012-06-21 06:08:00,2012-06-21 06:11:00,2012-06-21 13:45:00,,,,,,,,,,,,,,,,,,,,,,
CO-041,2012-07-03 13:35:00,2012-07-04 03:11:00,2012-07-04 08:55:00,2012-07-05 02:22:00,2012-07-05 08:04:00,2012-07-05 08:25:00,2012-07-05 08:28:00,2012-07-05 17:44:00,2012-07-05 17:46:00,2012-07-06 02:17:00,2012-07-06 02:19:00,2012-07-06 02:41:00,2012-07-06 08:29:00,2012-07-06 08:49:00,2012-07-06 08:53:00,2012-07-06 16:34:00,,,,,,,,,,,,,,,,,,,,,,,,,,,,,,,,,,,,
CO-042,2012-07-04 11:54:00,2012-07-04 23:52:00,2012-07-04 23:54:00,2012-07-05 00:15:00,2012-07-05 06:22:00,2012-07-05 09:05:00,2012-07-05 09:08:00,2012-07-05 11:49:00,2012-07-05 11:51:00,2012-07-06 00:24:00,2012-07-06 00:30:00,2012-07-06 00:51:00,2012-07-06 00:58:00,2012-07-06 01:20:00,2012-07-06 01:22:00,2012-07-06 02:09:00,2012-07-06 02:12:00,2012-07-06 02:33:00,2012-07-06 08:03:00,2012-07-06 08:25:00,2012-07-06 08:27:00,2012-07-06 23:46:00,2012-07-07 05:35:00,2012-07-07 05:58:00,2012-07-07 06:00:00,2012-07-07 07:40:00,2012-07-07 07:42:00,2012-07-07 08:05:00,,,,,,,,,,,,,,,,,,,,,,,,
CO-044,1970-01-01 12:00:00,1970-01-01 17:14:00,1970-01-01 17:18:00,1970-01-01 17:38:00,1970-01-01 18:38:00,1970-01-02 02:01:00,1970-01-02 02:03:00,1970-01-02 02:26:00,1970-01-02 10:45:00,1970-01-02 15:56:00,1970-01-02 16:01:00,1970-01-02 19:28:00,1970-01-02 19:32:00,1970-01-03 04:23:00,1970-01-03 10:30:00,1970-01-03 10:50:00,1970-01-03 10:52:00,1970-01-03 14:44:00,1970-01-03 14:47:00,1970-01-03 15:29:00,1970-01-03 15:56:00,1970-01-03 18:46:00,1970-01-03 18:50:00,1970-01-03 19:11:00,1970-01-03 19:16:00,1970-01-03 19:37:00,1970-01-03 19:39:00,1970-01-04 04:34:00,1970-01-04 11:54:00,1970-01-04 12:54:00,,,,,,,,,,,,,,,,,,,,,,
FL001,1970-01-01 00:00:00,1970-01-01 15:48:00,1970-01-01 15:50:00,1970-01-01 19:58:00,1970-01-01 20:00:00,1970-01-02 02:13:00,1970-01-02 02:15:00,1970-01-03 06:38:00,1970-01-03 06:40:00,1970-01-03 10:12:00,1970-01-03 10:15:00,1970-01-03 20:10:00,,,,,,,,,,,,,,,,,,,,,,,,,,,,,,,,,,,,,,,,
FL004,2011-01-30 15:50:00,2011-01-30 18:13:00,2011-01-30 18:15:00,2011-01-31 00:30:00,2011-01-31 06:57:00,2011-01-31 07:18:00,2011-01-31 07:20:00,2011-01-31 15:51:00,2011-01-31 15:54:00,2011-01-31 16:14:00,2011-01-31 16:19:00,2011-02-01 00:53:00,2011-02-01 06:31:00,2011-02-01 11:11:00,2011-02-01 11:13:00,2011-02-01 14:39:00,2011-02-01 14:43:00,2011-02-01 22:26:00,2011-02-01 22:28:00,2011-02-02 00:21:00,2011-02-02 07:39:00,2011-02-02 09:04:00,2011-02-02 09:06:00,2011-02-02 15:05:00,2011-02-02 15:09:00,2011-02-02 15:32:00,,,,,,,,,,,,,,,,,,,,,,,,,,
FL005,2011-03-23 13:05:00,2011-03-23 20:17:00,2011-03-23 20:28:00,2011-03-24 01:16:00,2011-03-24 01:18:00,2011-03-24 01:40:00,2011-03-24 07:45:00,2011-03-24 21:34:00,2011-03-24 21:36:00,2011-03-25 01:36:00,2011-03-25 01:39:00,2011-03-25 02:00:00,2011-03-25 08:42:00,2011-03-26 00:37:00,,,,,,,,,,,,,,,,,,,,,,,,,,,,,,,,,,,,,,
FL006,2011-05-08 15:07:00,2011-05-08 23:38:00,2011-05-09 00:02:00,2011-05-09 00:31:00,2011-05-09 04:52:00,2011-05-09 05:12:00,2011-05-09 05:15:00,2011-05-09 23:49:00,2011-05-10 06:29:00,2011-05-10 08:11:00,2011-05-10 08:13:00,2011-05-10 18:44:00,2011-05-10 18:47:00,2011-05-10 20:13:00,2011-05-10 20:18:00,2011-05-10 23:03:00,2011-05-11 07:31:00,2011-05-11 18:06:00,,,,,,,,,,,,,,,,,,,,,,,,,,,,,,,,,,
FL007,2011-05-15 09:45:00,2011-05-15 18:17:00,2011-05-15 18:19:00,2011-05-16 00:29:00,2011-05-16 06:35:00,2011-05-16 09:30:00,2011-05-16 09:36:00,2011-05-16 10:16:00,2011-05-16 10:23:00,2011-05-16 16:05:00,2011-05-16 16:07:00,2011-05-16 16:55:00,2011-05-16 16:57:00,2011-05-17 01:37:00,2011-05-17 01:39:00,2011-05-17 02:02:00,2011-05-17 06:09:00,2011-05-17 07:52:00,2011-05-17 08:21:00,2011-05-17 23:52:00,2011-05-18 06:20:00,2011-05-18 06:43:00,2011-05-18 06:45:00,2011-05-18 08:52:00,2011-05-18 08:54:00,2011-05-18 12:44:00,,,,,,,,,,,,,,,,,,,,,,,,,,
FL008,2011-05-22 10:30:00,2011-05-22 12:29:00,2011-05-22 12:31:00,2011-05-22 16:05:00,2011-05-22 16:38:00,2011-05-22 21:16:00,2011-05-22 21:18:00,2011-05-23 00:57:00,2011-05-23 01:04:00,2011-05-23 01:31:00,2011-05-23 06:35:00,2011-05-23 11:56:00,2011-05-23 12:00:00,2011-05-23 13:45:00,2011-05-23 13:47:00,2011-05-23 14:11:00,2011-05-23 14:42:00,2011-05-23 15:04:00,2011-05-23 15:08:00,2011-05-23 23:01:00,2011-05-24 08:47:00,2011-05-24 09:31:00,2011-05-24 09:33:00,2011-05-24 16:29:00,2011-05-24 16:31:00,2011-05-24 16:52:00,2011-05-24 17:33:00,2011-05-25 02:05:00,2011-05-25 06:19:00,2011-05-25 06:39:00,2011-05-25 06:43:00,2011-05-25 09:31:00,,,,,,,,,,,,,,,,,,,,
FL009,2011-05-24 12:40:00,2011-05-25 01:58:00,2011-05-25 02:01:00,2011-05-25 02:49:00,2011-05-25 02:51:00,2011-05-25 11:40:00,2011-05-25 11:42:00,2011-05-25 12:32:00,2011-05-25 12:34:00,2011-05-25 13:35:00,,,,,,,,,,,,,,,,,,,,,,,,,,,,,,,,,,,,,,,,,,
FL010,1970-01-01 18:00:00,1970-01-02 03:08:00,1970-01-02 03:10:00,1970-01-02 06:26:00,1970-01-02 06:49:00,1970-01-02 13:30:00,1970-01-02 13:32:00,1970-01-02 19:39:00,1970-01-02 19:42:00,1970-01-03 02:53:00,1970-01-03 02:56:00,1970-01-03 08:20:00,1970-01-03 08:25:00,1970-01-03 16:42:00,1970-01-03 16:44:00,1970-01-03 23:20:00,1970-01-03 23:23:00,1970-01-04 00:19:00,,,,,,,,,,,,,,,,,,,,,,,,,,,,,,,,,,
FL011,2011-06-05 12:10:00,2011-06-05 13:07:00,2011-06-05 13:09:00,2011-06-05 15:51:00,2011-06-05 18:31:00,2011-06-05 18:51:00,2011-06-05 18:55:00,2011-06-06 00:55:00,2011-06-06 00:59:00,2011-06-06 01:19:00,2011-06-06 07:50:00,2011-06-06 08:11:00,2011-06-06 08:14:00,2011-06-06 10:21:00,2011-06-06 10:26:00,2011-06-06 13:09:00,2011-06-06 13:11:00,2011-06-06 13:44:00,2011-06-06 13:47:00,2011-06-06 15:30:00,2011-06-06 15:32:00,2011-06-06 23:24:00,2011-06-06 23:28:00,2011-06-06 23:49:00,2011-06-07 06:44:00,2011-06-07 07:05:00,2011-06-07 07:08:00,2011-06-07 12:09:00,2011-06-07 12:12:00,2011-06-07 13:34:00,2011-06-07 13:36:00,2011-06-07 20:46:00,2011-06-07 20:48:00,2011-06-08 02:06:00,2011-06-08 02:10:00,2011-06-08 02:31:00,2011-06-08 07:54:00,2011-06-08 14:31:00,,,,,,,,,,,,,,
FL014,2011-08-30 12:15:00,2011-08-31 00:15:00,2011-08-31 00:17:00,2011-08-31 00:40:00,2011-08-31 05:29:00,2011-08-31 05:50:00,2011-08-31 05:52:00,2011-08-31 11:21:00,2011-08-31 11:23:00,2011-08-31 14:00:00,2011-08-31 14:02:00,2011-08-31 14:42:00,2011-08-31 14:44:00,2011-08-31 23:17:00,2011-09-01 05:46:00,2011-09-01 13:39:00,2011-09-01 13:42:00,2011-09-01 22:54:00,2011-09-01 23:01:00,2011-09-01 23:39:00,2011-09-02 06:23:00,2011-09-02 06:46:00,2011-09-02 06:49:00,2011-09-02 09:58:00,2011-09-02 10:01:00,2011-09-02 15:14:00,,,,,,,,,,,,,,,,,,,,,,,,,,
FL015,1970-01-01 18:00:00,1970-01-01 21:34:00,1970-01-01 21:50:00,1970-01-02 01:49:00,1970-01-02 01:52:00,1970-01-02 02:13:00,1970-01-02 07:20:00,1970-01-02 07:41:00,1970-01-02 07:43:00,1970-01-02 11:11:00,1970-01-02 11:13:00,1970-01-02 16:08:00,1970-01-02 16:10:00,1970-01-02 16:44:00,1970-01-02 16:46:00,1970-01-03 01:42:00,1970-01-03 09:01:00,1970-01-03 09:21:00,1970-01-03 09:25:00,1970-01-03 17:46:00,1970-01-03 18:07:00,1970-01-04 01:38:00,1970-01-04 10:20:00,1970-01-04 10:40:00,1970-01-04 10:44:00,1970-01-04 11:07:00,1970-01-04 11:09:00,1970-01-04 15:09:00,1970-01-04 15:13:00,1970-01-04 15:33:00,,,,,,,,,,,,,,,,,,,,,,
FL016,2011-09-14 14:22:00,2011-09-14 16:37:00,2011-09-14 16:41:00,2011-09-14 18:46:00,2011-09-14 20:37:00,2011-09-14 20:57:00,2011-09-14 21:00:00,2011-09-15 11:22:00,2011-09-15 11:24:00,2011-09-15 16:47:00,2011-09-15 16:49:00,2011-09-16 18:58:00,2011-09-16 19:00:00,2011-09-16 22:38:00,2011-09-16 22:40:00,2011-09-17 13:17:00,2011-09-17 13:21:00,2011-09-17 14:34:00,2011-09-17 14:37:00,2011-09-17 17:20:00,,,,,,,,,,,,,,,,,,,,,,,,,,,,,,,,
FL018,2011-09-21 10:15:00,2011-09-22 09:49:00,2011-09-22 09:51:00,2011-09-22 13:18:00,2011-09-22 13:20:00,2011-09-23 07:59:00,2011-09-23 08:02:00,2011-09-23 09:56:00,2011-09-23 10:01:00,2011-09-23 23:53:00,2011-09-23 23:55:00,2011-09-24 10:23:00,2011-09-24 10:29:00,2011-09-24 11:51:00,,,,,,,,,,,,,,,,,,,,,,,,,,,,,,,,,,,,,,
FL019,2011-10-05 13:00:00,2011-10-05 18:45:00,2011-10-05 18:48:00,2011-10-05 19:10:00,2011-10-05 20:04:00,2011-10-06 11:40:00,2011-10-06 11:48:00,2011-10-06 12:56:00,2011-10-06 20:38:00,2011-10-06 20:58:00,2011-10-06 21:02:00,2011-10-07 01:14:00,2011-10-07 01:16:00,2011-10-07 01:41:00,2011-10-07 02:03:00,2011-10-07 02:43:00,2011-10-07 02:45:00,2011-10-07 10:38:00,2011-10-07 10:41:00,2011-10-07 11:03:00,2011-10-07 20:20:00,2011-10-07 20:42:00,2011-10-07 20:45:00,2011-10-08 03:21:00,2011-10-08 03:24:00,2011-10-08 03:46:00,2011-10-08 04:25:00,2011-10-08 04:57:00,2011-10-08 12:02:00,2011-10-08 12:36:00,,,,,,,,,,,,,,,,,,,,,,
FL020,1970-01-01 18:00:00,1970-01-02 01:26:00,1970-01-02 09:14:00,1970-01-02 12:50:00,1970-01-02 12:52:00,1970-01-02 14:39:00,1970-01-02 14:42:00,1970-01-03 03:35:00,1970-01-03 09:10:00,1970-01-03 09:31:00,1970-01-03 09:34:00,1970-01-04 04:28:00,1970-01-04 05:26:00,1970-01-04 05:59:00,1970-01-04 07:50:00,1970-01-04 08:12:00,1970-01-04 11:22:00,1970-01-04 11:42:00,1970-01-04 11:44:00,1970-01-04 18:07:00,1970-01-04 18:44:00,1970-01-04 20:59:00,,,,,,,,,,,,,,,,,,,,,,,,,,,,,,
FL021,2011-10-31 14:27:00,2011-11-01 02:26:00,2011-11-01 02:42:00,2011-11-01 03:18:00,2011-11-01 03:21:00,2011-11-01 09:23:00,2011-11-01 09:25:00,2011-11-01 23:29:00,2011-11-01 23:54:00,2011-11-02 00:16:00,2011-11-02 00:18:00,2011-11-03 00:05:00,2011-11-03 00:07:00,2011-11-03 00:30:00,2011-11-03 00:34:00,2011-11-03 09:39:00,2011-11-03 09:42:00,2011-11-03 10:03:00,,,,,,,,,,,,,,,,,,,,,,,,,,,,,,,,,,
FL022,2011-10-24 15:10:00,2011-10-25 10:54:00,2011-10-25 10:56:00,2011-10-25 14:29:00,2011-10-25 14:31:00,2011-10-25 15:07:00,2011-10-25 15:10:00,2011-10-25 23:07:00,2011-10-25 23:10:00,2011-10-25 23:50:00,2011-10-25 23:56:00,2011-10-26 10:49:00,2011-10-26 10:52:00,2011-10-26 11:24:00,2011-10-26 11:28:00,2011-10-26 12:15:00,2011-10-26 12:19:00,2011-10-26 21:16:00,2011-10-26 21:19:00,2011-10-27 16:21:00,2011-10-27 16:40:00,2011-10-27 18:08:00,,,,,,,,,,,,,,,,,,,,,,,,,,,,,,
FL023,2011-11-06 11:30:00,2011-11-07 09:49:00,2011-11-07 09:56:00,2011-11-08 02:51:00,2011-11-08 02:54:00,2011-11-08 06:33:00,,,,,,,,,,,,,,,,,,,,,,,,,,,,,,,,,,,,,,,,,,,,,,
FL024,1970-01-01 18:00:00,1970-01-01 19:59:00,1970-01-01 20:02:00,1970-01-01 20:44:00,1970-01-01 20:50:00,1970-01-01 23:15:00,1970-01-01 23:20:00,1970-01-02 00:16:00,1970-01-02 00:20:00,1970-01-02 03:33:00,1970-01-02 03:37:00,1970-01-02 10:03:00,1970-01-02 10:15:00,1970-01-03 03:58:00,1970-01-03 04:00:00,1970-01-03 04:36:00,1970-01-03 04:39:00,1970-01-03 07:11:00,1970-01-03 07:14:00,1970-01-03 11:16:00,1970-01-03 11:19:00,1970-01-04 01:47:00,1970-01-04 01:50:00,1970-01-04 02:12:00,1970-01-04 08:04:00,1970-01-04 08:24:00,1970-01-04 08:27:00,1970-01-04 16:45:00,1970-01-04 16:47:00,1970-01-04 20:03:00,,,,,,,,,,,,,,,,,,,,,,
FL025,2011-11-21 14:00:00,2011-11-21 22:46:00,2011-11-21 22:48:00,2011-11-21 23:30:00,2011-11-21 23:34:00,2011-11-22 00:22:00,2011-11-22 00:25:00,2011-11-22 00:45:00,2011-11-22 06:14:00,2011-11-23 01:05:00,2011-11-23 03:05:00,2011-11-23 03:49:00,2011-11-23 06:15:00,2011-11-23 22:17:00,2011-11-23 22:19:00,2011-11-23 22:41:00,2011-11-24 05:22:00,2011-11-24 05:43:00,2011-11-24 05:46:00,2011-11-24 07:27:00,2011-11-24 07:29:00,2011-11-24 10:24:00,2011-11-24 10:26:00,2011-11-24 16:58:00,,,,,,,,,,,,,,,,,,,,,,,,,,,,
FL026,1970-01-01 18:00:00,1970-01-02 01:52:00,1970-01-02 11:52:00,1970-01-02 22:56:00,1970-01-02 22:59:00,1970-01-02 23:26:00,1970-01-03 12:11:00,1970-01-03 19:25:00,1970-01-04 11:48:00,1970-01-04 15:49:00,,,,,,,,,,,,,,,,,,,,,,,,,,,,,,,,,,,,,,,,,,
FL027,2012-01-08 10:30:00,2012-01-09 00:14:00,2012-01-09 00:22:00,2012-01-09 07:11:00,2012-01-09 07:13:00,2012-01-09 16:57:00,2012-01-09 17:00:00,2012-01-10 08:05:00,2012-01-10 08:08:00,2012-01-10 09:11:00,2012-01-10 09:16:00,2012-01-10 14:48:00,2012-01-10 14:54:00,2012-01-10 18:50:00,2012-01-10 18:52:00,2012-01-10 19:13:00,2012-01-10 19:51:00,2012-01-10 20:13:00,2012-01-10 20:15:00,2012-01-11 07:00:00,2012-01-11 07:02:00,2012-01-11 07:35:00,,,,,,,,,,,,,,,,,,,,,,,,,,,,,,
FL028,1970-01-01 12:00:00,1970-01-01 15:45:00,1970-01-01 15:47:00,1970-01-01 16:10:00,1970-01-01 17:13:00,1970-01-02 00:26:00,1970-01-02 00:29:00,1970-01-02 03:47:00,1970-01-02 09:56:00,1970-01-02 10:17:00,1970-01-02 10:19:00,1970-01-02 15:48:00,1970-01-02 17:51:00,1970-01-03 01:48:00,1970-01-03 10:22:00,1970-01-03 13:22:00,,,,,,,,,,,,,,,,,,,,,,,,,,,,,,,,,,,,
FL029,1970-01-01 18:00:00,1970-01-01 22:53:00,1970-01-01 22:55:00,1970-01-01 23:45:00,1970-01-01 23:47:00,1970-01-02 00:15:00,1970-01-02 00:18:00,1970-01-02 00:49:00,1970-01-02 00:55:00,1970-01-02 03:06:00,1970-01-02 03:09:00,1970-01-02 03:30:00,1970-01-02 11:00:00,1970-01-02 11:21:00,1970-01-02 11:24:00,1970-01-02 15:38:00,1970-01-02 15:40:00,1970-01-02 20:23:00,1970-01-02 20:25:00,1970-01-03 00:04:00,1970-01-03 00:06:00,1970-01-03 00:43:00,1970-01-03 00:45:00,1970-01-03 02:54:00,1970-01-03 02:57:00,1970-01-03 03:18:00,1970-01-03 10:54:00,1970-01-03 13:09:00,1970-01-03 13:12:00,1970-01-03 21:29:00,1970-01-03 21:31:00,1970-01-03 22:20:00,1970-01-03 22:27:00,1970-01-03 23:19:00,1970-01-03 23:21:00,1970-01-04 00:15:00,1970-01-04 00:17:00,1970-01-04 00:49:00,1970-01-04 00:53:00,1970-01-04 02:54:00,1970-01-04 02:57:00,1970-01-04 03:19:00,1970-01-04 12:12:00,1970-01-04 12:32:00,1970-01-04 12:36:00,1970-01-04 12:59:00,1970-01-04 13:01:00,1970-01-04 17:18:00,1970-01-04 17:20:00,1970-01-04 20:01:00,1970-01-04 20:05:00,1970-01-04 20:25:00
FL030,1970-01-01 18:00:00,1970-01-01 20:37:00,1970-01-01 20:50:00,1970-01-01 21:53:00,1970-01-01 21:57:00,1970-01-02 13:12:00,1970-01-02 13:14:00,1970-01-02 16:56:00,1970-01-02 16:59:00,1970-01-02 22:13:00,1970-01-02 22:19:00,1970-01-02 23:42:00,1970-01-03 00:06:00,1970-01-03 05:00:00,1970-01-03 05:02:00,1970-01-03 14:26:00,1970-01-03 14:28:00,1970-01-03 20:53:00,1970-01-03 20:56:00,1970-01-03 21:17:00,1970-01-04 02:14:00,1970-01-04 02:36:00,,,,,,,,,,,,,,,,,,,,,,,,,,,,,,
FL031,2012-04-23 12:45:00,2012-04-23 17:26:00,2012-04-23 17:28:00,2012-04-23 22:24:00,2012-04-23 22:27:00,2012-04-23 22:49:00,2012-04-24 05:20:00,2012-04-24 05:41:00,2012-04-24 05:43:00,2012-04-24 08:37:00,2012-04-24 08:39:00,2012-04-24 09:23:00,2012-04-24 09:26:00,2012-04-24 10:00:00,2012-04-24 10:02:00,2012-04-24 22:16:00,2012-04-24 22:18:00,2012-04-24 22:38:00,2012-04-25 08:39:00,2012-04-25 21:05:00,,,,,,,,,,,,,,,,,,,,,,,,,,,,,,,,
FL032,1970-01-01 12:00:00,1970-01-01 14:45:00,1970-01-01 14:47:00,1970-01-02 01:37:00,1970-01-02 08:03:00,1970-01-02 08:44:00,1970-01-02 08:59:00,1970-01-02 10:05:00,1970-01-02 10:07:00,1970-01-02 13:27:00,1970-01-02 13:29:00,1970-01-03 01:18:00,1970-01-03 08:51:00,1970-01-03 09:11:00,1970-01-03 09:15:00,1970-01-03 14:19:00,1970-01-03 14:21:00,1970-01-04 00:56:00,,,,,,,,,,,,,,,,,,,,,,,,,,,,,,,,,,
FL033,2012-06-04 12:33:00,2012-06-04 15:10:00,2012-06-04 15:12:00,2012-06-04 23:45:00,2012-06-04 23:47:00,2012-06-05 00:08:00,2012-06-05 05:20:00,2012-06-05 16:31:00,2012-06-05 16:35:00,2012-06-06 01:14:00,2012-06-06 01:17:00,2012-06-06 01:39:00,2012-06-06 04:10:00,2012-06-06 04:31:00,2012-06-06 04:34:00,2012-06-06 10:43:00,2012-06-06 10:46:00,2012-06-06 11:13:00,2012-06-06 11:26:00,2012-06-06 11:50:00,2012-06-06 11:53:00,2012-06-06 23:22:00,2012-06-07 06:11:00,2012-06-07 10:23:00,2012-06-07 10:26:00,2012-06-07 15:32:00,,,,,,,,,,,,,,,,,,,,,,,,,,
FL034,1970-01-01 12:00:00,1970-01-01 20:56:00,1970-01-01 20:59:00,1970-01-02 00:27:00,1970-01-02 10:48:00,1970-01-03 01:18:00,1970-01-03 08:38:00,1970-01-03 09:21:00,1970-01-03 09:24:00,1970-01-03 11:27:00,1970-01-03 11:32:00,1970-01-03 13:41:00,1970-01-03 13:43:00,1970-01-03 21:38:00,1970-01-03 21:40:00,1970-01-04 00:55:00,1970-01-04 00:57:00,1970-01-04 01:20:00,1970-01-04 09:00:00,1970-01-04 12:54:00,1970-01-04 12:58:00,1970-01-04 13:19:00,,,,,,,,,,,,,,,,,,,,,,,,,,,,,,
FL035,2012-06-21 09:00:00,2012-06-21 10:19:00,2012-06-21 11:53:00,2012-06-21 21:03:00,2012-06-21 21:06:00,2012-06-21 21:26:00,2012-06-22 05:04:00,2012-06-22 05:24:00,2012-06-22 05:28:00,2012-06-22 17:12:00,2012-06-22 17:14:00,2012-06-22 21:37:00,2012-06-22 21:41:00,2012-06-22 22:14:00,2012-06-22 22:40:00,2012-06-23 01:09:00,2012-06-23 01:11:00,2012-06-23 01:34:00,2012-06-23 01:38:00,2012-06-23 01:58:00,2012-06-23 07:47:00,2012-06-23 16:17:00,2012-06-23 16:19:00,2012-06-23 23:19:00,2012-06-23 23:22:00,2012-06-23 23:44:00,2012-06-24 05:29:00,2012-06-24 05:51:00,2012-06-24 05:54:00,2012-06-24 07:33:00,2012-06-24 07:35:00,2012-06-24 07:58:00,,,,,,,,,,,,,,,,,,,,
FL036,2012-07-04 09:59:00,2012-07-05 01:15:00,2012-07-05 04:38:00,2012-07-05 05:12:00,2012-07-05 06:29:00,2012-07-05 06:49:00,2012-07-05 06:52:00,2012-07-05 10:23:00,2012-07-05 10:25:00,2012-07-06 01:12:00,2012-07-06 01:14:00,2012-07-06 02:01:00,2012-07-06 05:47:00,2012-07-06 06:10:00,2012-07-06 06:12:00,2012-07-07 00:45:00,2012-07-07 07:38:00,2012-07-07 08:00:00,2012-07-07 08:02:00,2012-07-07 10:01:00,,,,,,,,,,,,,,,,,,,,,,,,,,,,,,,,
